month,community_ecosystem_unlock,team_advisors_unlock,investors_unlock,treasury_unlock,liquidity_unlock,binance_programs_unlock,marketing_kol_unlock,public_sale_unlock,community_ecosystem_cum,team_advisors_cum,investors_cum,treasury_cum,liquidity_cum,binance_programs_cum,marketing_kol_cum,public_sale_cum,total_unlock,total_circulating,pct_of_supply,mom_unlock_pct_of_prior_circ
0,16000000.00,0.00,0.00,2600000.00,80000000.00,0.00,10000000.00,40000000.00,16000000.00,0.00,0.00,2600000.00,80000000.00,0.00,10000000.00,40000000.00,148600000.00,148600000.00,14.8600,
1,6333333.33,0.00,0.00,3538888.89,0.00,0.00,1666666.67,0.00,22333333.33,0.00,0.00,6138888.89,80000000.00,0.00,11666666.67,40000000.00,11538888.89,160138888.89,16.0139,7.7651
2,6333333.33,0.00,0.00,3538888.89,0.00,0.00,1666666.67,0.00,28666666.67,0.00,0.00,9677777.78,80000000.00,0.00,13333333.33,40000000.00,11538888.89,171677777.78,17.1678,7.2056
3,6333333.33,0.00,0.00,3538888.89,0.00,0.00,1666666.67,0.00,35000000.00,0.00,0.00,13216666.67,80000000.00,0.00,15000000.00,40000000.00,11538888.89,183216666.67,18.3217,6.7212
4,6333333.33,0.00,0.00,3538888.89,0.00,2083333.33,1666666.67,0.00,41333333.33,0.00,0.00,16755555.56,80000000.00,2083333.33,16666666.67,40000000.00,13622222.22,196838888.89,19.6839,7.4350
5,6333333.33,0.00,0.00,3538888.89,0.00,2083333.33,1666666.67,0.00,47666666.67,0.00,0.00,20294444.44,80000000.00,4166666.67,18333333.33,40000000.00,13622222.22,210461111.11,21.0461,6.9205
6,6333333.33,0.00,0.00,3538888.89,0.00,2083333.33,1666666.67,0.00,54000000.00,0.00,0.00,23833333.33,80000000.00,6250000.00,20000000.00,40000000.00,13622222.22,224083333.33,22.4083,6.4726
7,6333333.33,0.00,0.00,3538888.89,0.00,2083333.33,1666666.67,0.00,60333333.33,0.00,0.00,27372222.22,80000000.00,8333333.33,21666666.67,40000000.00,13622222.22,237705555.56,23.7706,6.0791
8,6333333.33,0.00,0.00,3538888.89,0.00,2083333.33,1666666.67,0.00,66666666.67,0.00,0.00,30911111.11,80000000.00,10416666.67,23333333.33,40000000.00,13622222.22,251327777.78,25.1328,5.7307
9,6333333.33,0.00,0.00,3538888.89,0.00,2083333.33,1666666.67,0.00,73000000.00,0.00,0.00,34450000.00,80000000.00,12500000.00,25000000.00,40000000.00,13622222.22,264950000.00,26.4950,5.4201
10,6333333.33,0.00,6250000.00,3538888.89,0.00,2083333.33,1666666.67,0.00,79333333.33,0.00,6250000.00,37988888.89,80000000.00,14583333.33,26666666.67,40000000.00,19872222.22,284822222.22,28.4822,7.5004
11,6333333.33,0.00,6250000.00,3538888.89,0.00,2083333.33,1666666.67,0.00,85666666.67,0.00,12500000.00,41527777.78,80000000.00,16666666.67,28333333.33,40000000.00,19872222.22,304694444.44,30.4694,6.9771
12,6333333.33,0.00,6250000.00,3538888.89,0.00,2083333.33,1666666.67,0.00,92000000.00,0.00,18750000.00,45066666.67,80000000.00,18750000.00,30000000.00,40000000.00,19872222.22,324566666.67,32.4567,6.5220
13,6333333.33,5000000.00,6250000.00,3538888.89,0.00,2083333.33,1666666.67,0.00,98333333.33,5000000.00,25000000.00,48605555.56,80000000.00,20833333.33,31666666.67,40000000.00,24872222.22,349438888.89,34.9439,7.6632
14,6333333.33,5000000.00,6250000.00,3538888.89,0.00,2083333.33,1666666.67,0.00,104666666.67,10000000.00,31250000.00,52144444.44,80000000.00,22916666.67,33333333.33,40000000.00,24872222.22,374311111.11,37.4311,7.1178
15,6333333.33,5000000.00,6250000.00,3538888.89,0.00,2083333.33,1666666.67,0.00,111000000.00,15000000.00,37500000.00,55683333.33,80000000.00,25000000.00,35000000.00,40000000.00,24872222.22,399183333.33,39.9183,6.6448
16,6333333.33,5000000.00,6250000.00,3538888.89,0.00,2083333.33,1666666.67,0.00,117333333.33,20000000.00,43750000.00,59222222.22,80000000.00,27083333.33,36666666.67,40000000.00,24872222.22,424055555.56,42.4056,6.2308
17,6333333.33,5000000.00,6250000.00,3538888.89,0.00,2083333.33,1666666.67,0.00,123666666.67,25000000.00,50000000.00,62761111.11,80000000.00,29166666.67,38333333.33,40000000.00,24872222.22,448927777.78,44.8928,5.8653
18,6333333.33,5000000.00,6250000.00,3538888.89,0.00,2083333.33,1666666.67,0.00,130000000.00,30000000.00,56250000.00,66300000.00,80000000.00,31250000.00,40000000.00,40000000.00,24872222.22,473800000.00,47.3800,5.5404
19,6333333.33,5000000.00,6250000.00,3538888.89,0.00,2083333.33,1666666.67,0.00,136333333.33,35000000.00,62500000.00,69838888.89,80000000.00,33333333.33,41666666.67,40000000.00,24872222.22,498672222.22,49.8672,5.2495
20,6333333.33,5000000.00,6250000.00,3538888.89,0.00,2083333.33,1666666.67,0.00,142666666.67,40000000.00,68750000.00,73377777.78,80000000.00,35416666.67,43333333.33,40000000.00,24872222.22,523544444.44,52.3544,4.9877
21,6333333.33,5000000.00,6250000.00,3538888.89,0.00,2083333.33,1666666.67,0.00,149000000.00,45000000.00,75000000.00,76916666.67,80000000.00,37500000.00,45000000.00,40000000.00,24872222.22,548416666.67,54.8417,4.7507
22,6333333.33,5000000.00,6250000.00,3538888.89,0.00,2083333.33,1666666.67,0.00,155333333.33,50000000.00,81250000.00,80455555.56,80000000.00,39583333.33,46666666.67,40000000.00,24872222.22,573288888.89,57.3289,4.5353
23,6333333.33,5000000.00,6250000.00,3538888.89,0.00,2083333.33,1666666.67,0.00,161666666.67,55000000.00,87500000.00,83994444.44,80000000.00,41666666.67,48333333.33,40000000.00,24872222.22,598161111.11,59.8161,4.3385
24,6333333.33,5000000.00,6250000.00,3538888.89,0.00,2083333.33,1666666.67,0.00,168000000.00,60000000.00,93750000.00,87533333.33,80000000.00,43750000.00,50000000.00,40000000.00,24872222.22,623033333.33,62.3033,4.1581
25,6333333.33,5000000.00,6250000.00,3538888.89,0.00,2083333.33,0.00,0.00,174333333.33,65000000.00,100000000.00,91072222.22,80000000.00,45833333.33,50000000.00,40000000.00,23205555.56,646238888.89,64.6239,3.7246
26,6333333.33,5000000.00,6250000.00,3538888.89,0.00,2083333.33,0.00,0.00,180666666.67,70000000.00,106250000.00,94611111.11,80000000.00,47916666.67,50000000.00,40000000.00,23205555.56,669444444.44,66.9444,3.5909
27,6333333.33,5000000.00,6250000.00,3538888.89,0.00,2083333.33,0.00,0.00,187000000.00,75000000.00,112500000.00,98150000.00,80000000.00,50000000.00,50000000.00,40000000.00,23205555.56,692650000.00,69.2650,3.4664
28,6333333.33,5000000.00,6250000.00,3538888.89,0.00,0.00,0.00,0.00,193333333.33,80000000.00,118750000.00,101688888.89,80000000.00,50000000.00,50000000.00,40000000.00,21122222.22,713772222.22,71.3772,3.0495
29,6333333.33,5000000.00,6250000.00,3538888.89,0.00,0.00,0.00,0.00,199666666.67,85000000.00,125000000.00,105227777.78,80000000.00,50000000.00,50000000.00,40000000.00,21122222.22,734894444.44,73.4894,2.9592
30,6333333.33,5000000.00,6250000.00,3538888.89,0.00,0.00,0.00,0.00,206000000.00,90000000.00,131250000.00,108766666.67,80000000.00,50000000.00,50000000.00,40000000.00,21122222.22,756016666.67,75.6017,2.8742
31,6333333.33,5000000.00,6250000.00,3538888.89,0.00,0.00,0.00,0.00,212333333.33,95000000.00,137500000.00,112305555.56,80000000.00,50000000.00,50000000.00,40000000.00,21122222.22,777138888.89,77.7139,2.7939
32,6333333.33,5000000.00,6250000.00,3538888.89,0.00,0.00,0.00,0.00,218666666.67,100000000.00,143750000.00,115844444.44,80000000.00,50000000.00,50000000.00,40000000.00,21122222.22,798261111.11,79.8261,2.7179
33,6333333.33,5000000.00,6250000.00,3538888.89,0.00,0.00,0.00,0.00,225000000.00,105000000.00,150000000.00,119383333.33,80000000.00,50000000.00,50000000.00,40000000.00,21122222.22,819383333.33,81.9383,2.6460
34,6333333.33,5000000.00,0.00,3538888.89,0.00,0.00,0.00,0.00,231333333.33,110000000.00,150000000.00,122922222.22,80000000.00,50000000.00,50000000.00,40000000.00,14872222.22,834255555.56,83.4256,1.8151
35,6333333.33,5000000.00,0.00,3538888.89,0.00,0.00,0.00,0.00,237666666.67,115000000.00,150000000.00,126461111.11,80000000.00,50000000.00,50000000.00,40000000.00,14872222.22,849127777.78,84.9128,1.7827
36,6333333.33,5000000.00,0.00,3538888.89,0.00,0.00,0.00,0.00,244000000.00,120000000.00,150000000.00,130000000.00,80000000.00,50000000.00,50000000.00,40000000.00,14872222.22,864000000.00,86.4000,1.7515
